[
  {
    "when": ["2014-12-17"],
    "what": [
              "The Cuban Thaw begins with President Obama and President Raul Castro announcements",
              "Cuba release American prisoner Alan Gross imprisoned since 2009 on espionage charges.",
              "The US releases the last remaining 'Cuban Five' intelligence officers convicted in 2001 for espionage."
            ]
  },
  {
    "when": ["2015-01-16"],
    "what": [
              "Restrictions on travel by American citizens to Cuba have been relaxed, but won't allow yet for tourism without license",
              "Licensed U.S. Travelers will be allowed to import up to $400 worth of goods, up to $100 can consist of tobacco/alcohol products",
              "U.S. regulations will no longer prohibit airlines from scheduling regular flights to Cuba.",
              "On January 16th, United Airlines announced their plan to launch regular flights to Cuba from Houston and Newark.",
              "US telecommunications companies will be allowed to provide telephony services and internet access in Cuba.",
              "Export of American computer and telecommunications technology to Cuba will be allowed.",
              "Remittances by Cuban-Americans to their families in Cuba are increased to $2,000 per quarter (up from $500)",
              "they will no longer be required to obtain a special license to do so",
              "US banks will now be able to open correspondent accounts in Cuban banks to facilitate commercial transactions and authorized remittances.",
              "Trade with private Cuban companies will be allowed in the building materials sector for housing construction",
              "as well as industrial and agricultural equipment for small farms.",
              "The Cuban Thaw begins with President Obama and President Raul Castro announcements",
              "Cuba release American prisoner Alan Gross imprisoned since 2009 on espionage charges.",
              "The US releases the last remaining 'Cuban Five' intelligence officers convicted in 2001 for espionage."
            ]
  },
  {
    "when": ["2015-01-21", "2015-01-23"],
    "what": [
              "High-Level diplomats from the United States and Cuba met in Havana.",
              "Both sides agreed that these talks were productive and that further talks would be scheduled."
            ]
  },
  {
    "when": ["2015-01-21", "2015-01-23"],
    "what": [
              "High-Level diplomats from the United States and Cuba met in Havana.",
              "Both sides agreed that these talks were productive and that further talks would be scheduled."
            ]
  },
  {
    "when": ["2015-01-29"],
    "what": [
              "A bipartisan coalition of eight US senators (4 Republicans and 4 Democrats) introduce the 'Freedom to Travel to Cuba Act of 2015'",
              "a bill seeking to lift all travel restrictions for US citizens wishing to visit Cuba as toursits."
            ]
  },
  {
    "when": ["2015-02-09"],
    "what": [
              "The US company NETFLIX announced the launching of their video streaming service in Cuba."
            ]
  },
  {
    "when": ["2015-02-15", "2015-02-16"],
    "what": [
              "Conan O'Brien spent the weekend in Cuba to record segments for his late-night “Conan” talk show,",
              "becoming the first American host to film in Cuba since 1959."
            ]
  },
  {
    "when": ["2015-02-27"],
    "what": [
              "the second round of talks between the United States and Cuba will take place at the Department of State in Washington D.C. on February 27th.",
              "Matters related to reopening embassies in their respective countries will be the main focus on these talks."
            ]
  },
  {
    "when": ["2015-03-01"],
    "what": [
              "As of March 1st 2015, MasterCard annonced that they will no longer block transactions made in Cuba on U.S.-issued cards",
              "making them the first credit card company to adjust to the U.S. Department of Treasury's plan to lift a ban on doing business in Cuba."
            ]
  },
  {
    "when": ["2015-03-04"],
    "what": [
              "Direct phone lines between Cuba and the United States have been re-established.",
              "The US company IDT Domestic Telecom reached an agreement with Empresa de Telecomunicaciones de Cuba (ETECSA)",
              "to provide international long-distance telephony. Before this agreement, calls had to pass through a third country, making them costly."
            ]
  },
  {
    "when": ["2015-04-02"],
    "what": [
              "the San Francisco-based company Airbnb announced that it was beginning operations in Cuba with more than 1,000 listings available."
            ]
  },
  {
    "when": ["2015-04-10", "2015-04-11"],
    "what": [
              "US President Barack Obama and his Cuban counterpart Raul Castro participate in the Summit of the Americas in Panama.",
              "This is their first time interacting face-to-face since their nations agreed to renew diplomatic relations."
            ]
  },
  {
    "when": ["2015-04-14"],
    "what": [
              "President Barack Obama has submitted the request to Congress to rescind Cuba's designation as a state sponsor of terror."
            ]
  },
  {
    "when": ["2015-04-20"],
    "what": [
              "New York Gov. Cuomo will lead first official state trade mission to Cuba on April 20"
            ]
  }
]
