{"type":"Topology","objects":{"tweets":{"type":"GeometryCollection","geometries":[{"type":"Polygon","properties":{"city":"Akron","state":" OH","time":1418826853},"arcs":[[0]]},{"type":"Polygon","properties":{"city":"Albuquerque","state":" NM","time":1418825798},"arcs":[[1]]},{"type":"Polygon","properties":{"city":"Albuquerque","state":" NM","time":1418828285},"arcs":[[1]]},{"type":"Polygon","properties":{"city":"Alexandria","state":" VA","time":1418774955},"arcs":[[2]]},{"type":"Polygon","properties":{"city":"Ames","state":" IA","time":1418825933},"arcs":[[3]]},{"type":"Polygon","properties":{"city":"Amherst","state":" NY","time":1418828707},"arcs":[[4]]},{"type":"Polygon","properties":{"city":"Anaheim","state":" CA","time":1418766916},"arcs":[[5]]},{"type":"Polygon","properties":{"city":"Anaheim","state":" CA","time":1418767089},"arcs":[[5]]},{"type":"Polygon","properties":{"city":"Anaheim","state":" CA","time":1418767424},"arcs":[[5]]},{"type":"Polygon","properties":{"city":"Andrews","state":" TX","time":1418792188},"arcs":[[6]]},{"type":"Polygon","properties":{"city":"Annapolis","state":" MD","time":1418826110},"arcs":[[7]]},{"type":"Polygon","properties":{"city":"Arlington","state":" VA","time":1418689923},"arcs":[[8]]},{"type":"Polygon","properties":{"city":"Arlington","state":" TX","time":1418695177},"arcs":[[9]]},{"type":"Polygon","properties":{"city":"Arlington","state":" TX","time":1418695365},"arcs":[[9]]},{"type":"Polygon","properties":{"city":"Arlington","state":" TX","time":1418695392},"arcs":[[9]]},{"type":"Polygon","properties":{"city":"Arlington","state":" TX","time":1418695605},"arcs":[[9]]},{"type":"Polygon","properties":{"city":"Arlington","state":" TX","time":1418695693},"arcs":[[9]]},{"type":"Polygon","properties":{"city":"Arlington","state":" TX","time":1418695771},"arcs":[[9]]},{"type":"Polygon","properties":{"city":"Arlington","state":" TX","time":1418695803},"arcs":[[9]]},{"type":"Polygon","properties":{"city":"Arlington","state":" TX","time":1418695865},"arcs":[[9]]},{"type":"Polygon","properties":{"city":"Arlington","state":" VA","time":1418753385},"arcs":[[8]]},{"type":"Polygon","properties":{"city":"Arlington","state":" VA","time":1418825225},"arcs":[[8]]},{"type":"Polygon","properties":{"city":"Atlanta","state":" GA","time":1418826861},"arcs":[[10]]},{"type":"Polygon","properties":{"city":"Atlantic City","state":" NJ","time":1418697502},"arcs":[[11]]},{"type":"Polygon","properties":{"city":"Auburn","state":" AL","time":1418766011},"arcs":[[12]]},{"type":"Polygon","properties":{"city":"Auburn","state":" NY","time":1418774176},"arcs":[[13]]},{"type":"Polygon","properties":{"city":"Auburn","state":" NY","time":1418783933},"arcs":[[13]]},{"type":"Polygon","properties":{"city":"Auburn","state":" AL","time":1418823515},"arcs":[[12]]},{"type":"Polygon","properties":{"city":"Auburn","state":" AL","time":1418824119},"arcs":[[12]]},{"type":"Polygon","properties":{"city":"Auburn","state":" AL","time":1418824667},"arcs":[[12]]},{"type":"Polygon","properties":{"city":"Baltimore","state":" MD","time":1418826312},"arcs":[[14]]},{"type":"Polygon","properties":{"city":"Baltimore","state":" MD","time":1418827245},"arcs":[[14]]},{"type":"Polygon","properties":{"city":"Baltimore","state":" MD","time":1418828134},"arcs":[[14]]},{"type":"Polygon","properties":{"city":"Baltimore","state":" MD","time":1418829093},"arcs":[[14]]},{"type":"Polygon","properties":{"city":"Baltimore","state":" MD","time":1418829094},"arcs":[[14]]},{"type":"Polygon","properties":{"city":"Beaverton","state":" OR","time":1418827658},"arcs":[[15]]},{"type":"Polygon","properties":{"city":"Bellaire","state":" TX","time":1418752685},"arcs":[[16]]},{"type":"Polygon","properties":{"city":"Bergenfield","state":" NJ","time":1418825890},"arcs":[[17]]},{"type":"Polygon","properties":{"city":"Bethesda","state":" MD","time":1418824984},"arcs":[[18]]},{"type":"Polygon","properties":{"city":"Bloomfield","state":" NJ","time":1418828449},"arcs":[[19]]},{"type":"Polygon","properties":{"city":"Bloomington","state":" MN","time":1418749222},"arcs":[[20]]},{"type":"Polygon","properties":{"city":"Bloomington","state":" MN","time":1418755307},"arcs":[[20]]},{"type":"Polygon","properties":{"city":"Boca Raton","state":" FL","time":1418707747},"arcs":[[21]]},{"type":"Polygon","properties":{"city":"Boone","state":" NC","time":1418781411},"arcs":[[22]]},{"type":"Polygon","properties":{"city":"Boston","state":" MA","time":1418825970},"arcs":[[23]]},{"type":"Polygon","properties":{"city":"Boston","state":" MA","time":1418826302},"arcs":[[23]]},{"type":"Polygon","properties":{"city":"Boston","state":" MA","time":1418826605},"arcs":[[23]]},{"type":"Polygon","properties":{"city":"Boston","state":" MA","time":1418827099},"arcs":[[23]]},{"type":"Polygon","properties":{"city":"Boston","state":" MA","time":1418827739},"arcs":[[23]]},{"type":"Polygon","properties":{"city":"Boulder","state":" CO","time":1418827655},"arcs":[[24]]},{"type":"Polygon","properties":{"city":"Boulder","state":" CO","time":1418827725},"arcs":[[24]]},{"type":"Polygon","properties":{"city":"Boulder","state":" CO","time":1418827940},"arcs":[[24]]},{"type":"Polygon","properties":{"city":"Boulder","state":" CO","time":1418828097},"arcs":[[24]]},{"type":"Polygon","properties":{"city":"Boulder","state":" CO","time":1418828951},"arcs":[[24]]},{"type":"Polygon","properties":{"city":"Boulder","state":" CO","time":1418829000},"arcs":[[24]]},{"type":"Polygon","properties":{"city":"Boulder","state":" CO","time":1418829035},"arcs":[[24]]},{"type":"Polygon","properties":{"city":"Bradenton","state":" FL","time":1418824389},"arcs":[[25]]},{"type":"Polygon","properties":{"city":"Bradenton","state":" FL","time":1418824551},"arcs":[[25]]},{"type":"Polygon","properties":{"city":"Bradenton","state":" FL","time":1418825092},"arcs":[[25]]},{"type":"Polygon","properties":{"city":"Bradenton","state":" FL","time":1418825155},"arcs":[[25]]},{"type":"Polygon","properties":{"city":"Bradenton","state":" FL","time":1418825618},"arcs":[[25]]},{"type":"Polygon","properties":{"city":"Bradenton","state":" FL","time":1418826415},"arcs":[[25]]},{"type":"Polygon","properties":{"city":"Bradenton","state":" FL","time":1418826855},"arcs":[[25]]},{"type":"Polygon","properties":{"city":"Bradenton","state":" FL","time":1418827196},"arcs":[[25]]},{"type":"Polygon","properties":{"city":"Brea","state":" CA","time":1418788213},"arcs":[[26]]},{"type":"Polygon","properties":{"city":"Bronx","state":" NY","time":1418793858},"arcs":[[27]]},{"type":"Polygon","properties":{"city":"Bronx","state":" NY","time":1418819032},"arcs":[[27]]},{"type":"Polygon","properties":{"city":"Brookline","state":" MA","time":1418828931},"arcs":[[28]]},{"type":"Polygon","properties":{"city":"Brooklyn","state":" NY","time":1418707326},"arcs":[[29]]},{"type":"Polygon","properties":{"city":"Brooklyn","state":" NY","time":1418746134},"arcs":[[29]]},{"type":"Polygon","properties":{"city":"Brooklyn","state":" NY","time":1418760591},"arcs":[[29]]},{"type":"Polygon","properties":{"city":"Brooklyn","state":" NY","time":1418760671},"arcs":[[29]]},{"type":"Polygon","properties":{"city":"Brooklyn","state":" NY","time":1418761780},"arcs":[[29]]},{"type":"Polygon","properties":{"city":"Brooklyn","state":" NY","time":1418765697},"arcs":[[29]]},{"type":"Polygon","properties":{"city":"Brooklyn","state":" NY","time":1418776917},"arcs":[[29]]},{"type":"Polygon","properties":{"city":"Brooklyn","state":" NY","time":1418827632},"arcs":[[29]]},{"type":"Polygon","properties":{"city":"Bryan","state":" TX","time":1418796217},"arcs":[[30]]},{"type":"Polygon","properties":{"city":"Buckeye","state":" AZ","time":1418784998},"arcs":[[31]]},{"type":"Polygon","properties":{"city":"Buckley","state":" WA","time":1418826075},"arcs":[[32]]},{"type":"Polygon","properties":{"city":"Buffalo","state":" NY","time":1418781987},"arcs":[[33]]},{"type":"Polygon","properties":{"city":"Burnsville","state":" MN","time":1418690932},"arcs":[[34]]},{"type":"Polygon","properties":{"city":"Butte des Morts","state":" WI","time":1418708415},"arcs":[[35]]},{"type":"Polygon","properties":{"city":"California","state":" US","time":1418801076},"arcs":[[36]]},{"type":"Polygon","properties":{"city":"Cambridge","state":" MA","time":1418750420},"arcs":[[37]]},{"type":"Polygon","properties":{"city":"Cambridge","state":" MA","time":1418798397},"arcs":[[37]]},{"type":"Polygon","properties":{"city":"Camden","state":" NJ","time":1418824984},"arcs":[[38]]},{"type":"Polygon","properties":{"city":"Cape Coral","state":" FL","time":1418828048},"arcs":[[39]]},{"type":"Polygon","properties":{"city":"Carmichael","state":" CA","time":1418825136},"arcs":[[40]]},{"type":"Polygon","properties":{"city":"Carol Stream","state":" IL","time":1418763657},"arcs":[[41]]},{"type":"Polygon","properties":{"city":"Cary","state":" NC","time":1418750802},"arcs":[[42]]},{"type":"Polygon","properties":{"city":"Champaign","state":" IL","time":1418768265},"arcs":[[43]]},{"type":"Polygon","properties":{"city":"Charleston","state":" IL","time":1418782661},"arcs":[[44]]},{"type":"Polygon","properties":{"city":"Charleston","state":" IL","time":1418782730},"arcs":[[44]]},{"type":"Polygon","properties":{"city":"Charlotte","state":" NC","time":1418825082},"arcs":[[45]]},{"type":"Polygon","properties":{"city":"Charlotte","state":" NC","time":1418828825},"arcs":[[45]]},{"type":"Polygon","properties":{"city":"Chesapeake","state":" OH","time":1418824476},"arcs":[[46]]},{"type":"Polygon","properties":{"city":"Chicago","state":" IL","time":1418692003},"arcs":[[47]]},{"type":"Polygon","properties":{"city":"Chicago","state":" IL","time":1418743794},"arcs":[[47]]},{"type":"Polygon","properties":{"city":"Chicago","state":" IL","time":1418755456},"arcs":[[47]]},{"type":"Polygon","properties":{"city":"Chicago","state":" IL","time":1418756021},"arcs":[[47]]},{"type":"Polygon","properties":{"city":"Chicago","state":" IL","time":1418761811},"arcs":[[47]]},{"type":"Polygon","properties":{"city":"Chicago","state":" IL","time":1418791247},"arcs":[[47]]},{"type":"Polygon","properties":{"city":"Chicago","state":" IL","time":1418799062},"arcs":[[47]]},{"type":"Polygon","properties":{"city":"Chicago","state":" IL","time":1418799316},"arcs":[[47]]},{"type":"Polygon","properties":{"city":"Chicago","state":" IL","time":1418825101},"arcs":[[47]]},{"type":"Polygon","properties":{"city":"Chicago","state":" IL","time":1418826033},"arcs":[[47]]},{"type":"Polygon","properties":{"city":"Chicago","state":" IL","time":1418826753},"arcs":[[47]]},{"type":"Polygon","properties":{"city":"Chicago","state":" IL","time":1418827059},"arcs":[[47]]},{"type":"Polygon","properties":{"city":"Chicago","state":" IL","time":1418828725},"arcs":[[47]]},{"type":"Polygon","properties":{"city":"Chicago","state":" IL","time":1418828910},"arcs":[[47]]},{"type":"Polygon","properties":{"city":"Chicago","state":" IL","time":1418828916},"arcs":[[47]]},{"type":"Polygon","properties":{"city":"Chicago","state":" IL","time":1418829126},"arcs":[[47]]},{"type":"Polygon","properties":{"city":"Chino Hills","state":" CA","time":1418790186},"arcs":[[48]]},{"type":"Polygon","properties":{"city":"Chino Hills","state":" CA","time":1418824464},"arcs":[[48]]},{"type":"Polygon","properties":{"city":"Chino Hills","state":" CA","time":1418827333},"arcs":[[48]]},{"type":"Polygon","properties":{"city":"Clarksville","state":" IN","time":1418828869},"arcs":[[49]]},{"type":"Polygon","properties":{"city":"Clermont","state":" FL","time":1418783695},"arcs":[[50]]},{"type":"Polygon","properties":{"city":"Clinton","state":" TN","time":1418703012},"arcs":[[51]]},{"type":"Polygon","properties":{"city":"Clinton","state":" TN","time":1418703286},"arcs":[[51]]},{"type":"Polygon","properties":{"city":"Clovis","state":" CA","time":1418829071},"arcs":[[52]]},{"type":"Polygon","properties":{"city":"College Park","state":" GA","time":1418784696},"arcs":[[53]]},{"type":"Polygon","properties":{"city":"College Park","state":" GA","time":1418828382},"arcs":[[53]]},{"type":"Polygon","properties":{"city":"Colorado Springs","state":" CO","time":1418827546},"arcs":[[54]]},{"type":"Polygon","properties":{"city":"Columbus","state":" OH","time":1418780742},"arcs":[[55]]},{"type":"Polygon","properties":{"city":"Columbus","state":" OH","time":1418784683},"arcs":[[55]]},{"type":"Polygon","properties":{"city":"Columbus","state":" OH","time":1418829066},"arcs":[[55]]},{"type":"Polygon","properties":{"city":"Columbus","state":" OH","time":1418829107},"arcs":[[55]]},{"type":"Polygon","properties":{"city":"Concord","state":" NH","time":1418825471},"arcs":[[56]]},{"type":"Polygon","properties":{"city":"Coram","state":" NY","time":1418825519},"arcs":[[57]]},{"type":"Polygon","properties":{"city":"Coram","state":" NY","time":1418826126},"arcs":[[57]]},{"type":"Polygon","properties":{"city":"Coram","state":" NY","time":1418826647},"arcs":[[57]]},{"type":"Polygon","properties":{"city":"Coram","state":" NY","time":1418827702},"arcs":[[57]]},{"type":"Polygon","properties":{"city":"Coram","state":" NY","time":1418828284},"arcs":[[57]]},{"type":"Polygon","properties":{"city":"Corpus Christi","state":" TX","time":1418746365},"arcs":[[58]]},{"type":"Polygon","properties":{"city":"Cranbury","state":" NJ","time":1418825017},"arcs":[[59]]},{"type":"Polygon","properties":{"city":"Cranford","state":" NJ","time":1418750035},"arcs":[[60]]},{"type":"Polygon","properties":{"city":"Cranford","state":" NJ","time":1418750533},"arcs":[[60]]},{"type":"Polygon","properties":{"city":"Cranford","state":" NJ","time":1418781609},"arcs":[[60]]},{"type":"Polygon","properties":{"city":"Dallas","state":" TX","time":1418765367},"arcs":[[61]]},{"type":"Polygon","properties":{"city":"Daytona Beach","state":" FL","time":1418773309},"arcs":[[62]]},{"type":"Polygon","properties":{"city":"Daytona Beach","state":" FL","time":1418773357},"arcs":[[62]]},{"type":"Polygon","properties":{"city":"Delaware","state":" US","time":1418828834},"arcs":[[63]]},{"type":"Polygon","properties":{"city":"Delray Beach","state":" FL","time":1418824966},"arcs":[[64]]},{"type":"Polygon","properties":{"city":"Denver","state":" CO","time":1418690061},"arcs":[[65]]},{"type":"Polygon","properties":{"city":"Denver","state":" CO","time":1418827816},"arcs":[[65]]},{"type":"Polygon","properties":{"city":"Des Moines","state":" IA","time":1418754051},"arcs":[[66]]},{"type":"Polygon","properties":{"city":"Des Moines","state":" IA","time":1418825290},"arcs":[[66]]},{"type":"Polygon","properties":{"city":"Dover","state":" DE","time":1418788980},"arcs":[[67]]},{"type":"Polygon","properties":{"city":"Downey","state":" CA","time":1418755516},"arcs":[[68]]},{"type":"Polygon","properties":{"city":"Duquesne","state":" PA","time":1418828245},"arcs":[[69]]},{"type":"Polygon","properties":{"city":"East Point","state":" GA","time":1418824575},"arcs":[[70]]},{"type":"Polygon","properties":{"city":"Edison","state":" NJ","time":1418786883},"arcs":[[71]]},{"type":"Polygon","properties":{"city":"El Paso","state":" TX","time":1418749978},"arcs":[[72]]},{"type":"Polygon","properties":{"city":"El Paso","state":" TX","time":1418772156},"arcs":[[72]]},{"type":"Polygon","properties":{"city":"Euless","state":" TX","time":1418762585},"arcs":[[73]]},{"type":"Polygon","properties":{"city":"Fargo","state":" ND","time":1418765327},"arcs":[[74]]},{"type":"Polygon","properties":{"city":"Fargo","state":" ND","time":1418825242},"arcs":[[74]]},{"type":"Polygon","properties":{"city":"Fenton","state":" MO","time":1418829023},"arcs":[[75]]},{"type":"Polygon","properties":{"city":"Fishers","state":" IN","time":1418825153},"arcs":[[76]]},{"type":"Polygon","properties":{"city":"Florida","state":" US","time":1418694663},"arcs":[[77]]},{"type":"Polygon","properties":{"city":"Florida","state":" US","time":1418700940},"arcs":[[77]]},{"type":"Polygon","properties":{"city":"Florida","state":" US","time":1418704293},"arcs":[[77]]},{"type":"Polygon","properties":{"city":"Florida","state":" US","time":1418707292},"arcs":[[77]]},{"type":"Polygon","properties":{"city":"Florida","state":" US","time":1418759769},"arcs":[[77]]},{"type":"Polygon","properties":{"city":"Florida","state":" US","time":1418775119},"arcs":[[77]]},{"type":"Polygon","properties":{"city":"Florida","state":" US","time":1418780063},"arcs":[[77]]},{"type":"Polygon","properties":{"city":"Florida","state":" US","time":1418786001},"arcs":[[77]]},{"type":"Polygon","properties":{"city":"Florida","state":" US","time":1418791386},"arcs":[[77]]},{"type":"Polygon","properties":{"city":"Florida","state":" US","time":1418791525},"arcs":[[77]]},{"type":"Polygon","properties":{"city":"Florida","state":" US","time":1418791984},"arcs":[[77]]},{"type":"Polygon","properties":{"city":"Florida","state":" US","time":1418792178},"arcs":[[77]]},{"type":"Polygon","properties":{"city":"Florida","state":" US","time":1418792255},"arcs":[[77]]},{"type":"Polygon","properties":{"city":"Florida","state":" US","time":1418792799},"arcs":[[77]]},{"type":"Polygon","properties":{"city":"Florida","state":" US","time":1418794304},"arcs":[[77]]},{"type":"Polygon","properties":{"city":"Florida","state":" US","time":1418794881},"arcs":[[77]]},{"type":"Polygon","properties":{"city":"Florida","state":" US","time":1418795218},"arcs":[[77]]},{"type":"Polygon","properties":{"city":"Florida","state":" US","time":1418795470},"arcs":[[77]]},{"type":"Polygon","properties":{"city":"Florida","state":" US","time":1418800777},"arcs":[[77]]},{"type":"Polygon","properties":{"city":"Florida","state":" US","time":1418826063},"arcs":[[77]]},{"type":"Polygon","properties":{"city":"Florida","state":" US","time":1418826086},"arcs":[[77]]},{"type":"Polygon","properties":{"city":"Florida","state":" US","time":1418826105},"arcs":[[77]]},{"type":"Polygon","properties":{"city":"Florida","state":" US","time":1418826328},"arcs":[[77]]},{"type":"Polygon","properties":{"city":"Florida","state":" US","time":1418826803},"arcs":[[77]]},{"type":"Polygon","properties":{"city":"Florida","state":" US","time":1418827355},"arcs":[[77]]},{"type":"Polygon","properties":{"city":"Florida","state":" US","time":1418827542},"arcs":[[77]]},{"type":"Polygon","properties":{"city":"Florida","state":" US","time":1418827634},"arcs":[[77]]},{"type":"Polygon","properties":{"city":"Florida","state":" US","time":1418828290},"arcs":[[77]]},{"type":"Polygon","properties":{"city":"Florida","state":" US","time":1418828758},"arcs":[[77]]},{"type":"Polygon","properties":{"city":"Florida","state":" US","time":1418828898},"arcs":[[77]]},{"type":"Polygon","properties":{"city":"Florissant","state":" MO","time":1418795827},"arcs":[[78]]},{"type":"Polygon","properties":{"city":"Forest City","state":" NC","time":1418794241},"arcs":[[79]]},{"type":"Polygon","properties":{"city":"Forestville","state":" MD","time":1418769735},"arcs":[[80]]},{"type":"Polygon","properties":{"city":"Fort Lauderdale","state":" FL","time":1418783298},"arcs":[[81]]},{"type":"Polygon","properties":{"city":"Fort Lauderdale","state":" FL","time":1418802810},"arcs":[[81]]},{"type":"Polygon","properties":{"city":"Fort Wayne","state":" IN","time":1418774831},"arcs":[[82]]},{"type":"Polygon","properties":{"city":"Fort Worth","state":" TX","time":1418824526},"arcs":[[83]]},{"type":"Polygon","properties":{"city":"Fort Worth","state":" TX","time":1418825895},"arcs":[[83]]},{"type":"Polygon","properties":{"city":"Fort Worth","state":" TX","time":1418826544},"arcs":[[83]]},{"type":"Polygon","properties":{"city":"Fort Worth","state":" TX","time":1418827150},"arcs":[[83]]},{"type":"Polygon","properties":{"city":"Fort Worth","state":" TX","time":1418827239},"arcs":[[83]]},{"type":"Polygon","properties":{"city":"Four Corners","state":" OR","time":1418779061},"arcs":[[84]]},{"type":"Polygon","properties":{"city":"Friendswood","state":" TX","time":1418737038},"arcs":[[85]]},{"type":"Polygon","properties":{"city":"Gainesville","state":" VA","time":1418824703},"arcs":[[86]]},{"type":"Polygon","properties":{"city":"Gainesville","state":" VA","time":1418826545},"arcs":[[86]]},{"type":"Polygon","properties":{"city":"Garland","state":" TX","time":1418827152},"arcs":[[87]]},{"type":"Polygon","properties":{"city":"Goshen","state":" NY","time":1418763116},"arcs":[[88]]},{"type":"Polygon","properties":{"city":"Grand Junction","state":" CO","time":1418825381},"arcs":[[89]]},{"type":"Polygon","properties":{"city":"Grand Prairie","state":" TX","time":1418824881},"arcs":[[90]]},{"type":"Polygon","properties":{"city":"Grapevine","state":" TX","time":1418784771},"arcs":[[91]]},{"type":"Polygon","properties":{"city":"Grapevine","state":" TX","time":1418785213},"arcs":[[91]]},{"type":"Polygon","properties":{"city":"Greenville","state":" NC","time":1418698057},"arcs":[[92]]},{"type":"Polygon","properties":{"city":"Gulf Breeze","state":" FL","time":1418824495},"arcs":[[93]]},{"type":"Polygon","properties":{"city":"Gunnison","state":" CO","time":1418825448},"arcs":[[94]]},{"type":"Polygon","properties":{"city":"Guttenberg","state":" NJ","time":1418694192},"arcs":[[95]]},{"type":"Polygon","properties":{"city":"Hampton","state":" VA","time":1418693733},"arcs":[[96]]},{"type":"Polygon","properties":{"city":"Hampton","state":" VA","time":1418694188},"arcs":[[96]]},{"type":"Polygon","properties":{"city":"Hampton","state":" VA","time":1418758128},"arcs":[[96]]},{"type":"Polygon","properties":{"city":"Haverstraw","state":" NY","time":1418771063},"arcs":[[97]]},{"type":"Polygon","properties":{"city":"Hawthorne","state":" CA","time":1418728750},"arcs":[[98]]},{"type":"Polygon","properties":{"city":"Hialeah","state":" FL","time":1418742889},"arcs":[[99]]},{"type":"Polygon","properties":{"city":"Hialeah","state":" FL","time":1418743158},"arcs":[[99]]},{"type":"Polygon","properties":{"city":"Hialeah","state":" FL","time":1418781478},"arcs":[[99]]},{"type":"Polygon","properties":{"city":"Hialeah","state":" FL","time":1418828063},"arcs":[[99]]},{"type":"Polygon","properties":{"city":"Hialeah","state":" FL","time":1418828319},"arcs":[[99]]},{"type":"Polygon","properties":{"city":"Hialeah","state":" FL","time":1418829010},"arcs":[[99]]},{"type":"Polygon","properties":{"city":"High Bridge","state":" NJ","time":1418828418},"arcs":[[100]]},{"type":"Polygon","properties":{"city":"High Point","state":" NC","time":1418692199},"arcs":[[101]]},{"type":"Polygon","properties":{"city":"High Point","state":" NC","time":1418783364},"arcs":[[101]]},{"type":"Polygon","properties":{"city":"Hoboken","state":" NJ","time":1418775904},"arcs":[[102]]},{"type":"Polygon","properties":{"city":"Hoboken","state":" NJ","time":1418790931},"arcs":[[102]]},{"type":"Polygon","properties":{"city":"Holbrook","state":" MA","time":1418788835},"arcs":[[103]]},{"type":"Polygon","properties":{"city":"Hollywood","state":" FL","time":1418701349},"arcs":[[104]]},{"type":"Polygon","properties":{"city":"Hollywood","state":" FL","time":1418743589},"arcs":[[104]]},{"type":"Polygon","properties":{"city":"Hollywood","state":" FL","time":1418827218},"arcs":[[104]]},{"type":"Polygon","properties":{"city":"Hollywood","state":" FL","time":1418827270},"arcs":[[104]]},{"type":"Polygon","properties":{"city":"Homestead","state":" FL","time":1418828052},"arcs":[[105]]},{"type":"Polygon","properties":{"city":"Honolulu","state":" HI","time":1418717014},"arcs":[[106]]},{"type":"Polygon","properties":{"city":"Honolulu","state":" HI","time":1418717113},"arcs":[[106]]},{"type":"Polygon","properties":{"city":"Honolulu","state":" HI","time":1418761601},"arcs":[[106]]},{"type":"Polygon","properties":{"city":"Honolulu","state":" HI","time":1418788747},"arcs":[[106]]},{"type":"Polygon","properties":{"city":"Honolulu","state":" HI","time":1418790825},"arcs":[[106]]},{"type":"Polygon","properties":{"city":"Houston","state":" TX","time":1418711852},"arcs":[[107]]},{"type":"Polygon","properties":{"city":"Houston","state":" TX","time":1418758176},"arcs":[[107]]},{"type":"Polygon","properties":{"city":"Houston","state":" TX","time":1418784547},"arcs":[[107]]},{"type":"Polygon","properties":{"city":"Houston","state":" TX","time":1418825170},"arcs":[[107]]},{"type":"Polygon","properties":{"city":"Houston","state":" TX","time":1418825431},"arcs":[[107]]},{"type":"Polygon","properties":{"city":"Houston","state":" TX","time":1418826446},"arcs":[[107]]},{"type":"Polygon","properties":{"city":"Houston","state":" TX","time":1418826789},"arcs":[[107]]},{"type":"Polygon","properties":{"city":"Houston","state":" TX","time":1418827477},"arcs":[[107]]},{"type":"Polygon","properties":{"city":"Hudson","state":" OH","time":1418828463},"arcs":[[108]]},{"type":"Polygon","properties":{"city":"Huntington","state":" WV","time":1418827517},"arcs":[[109]]},{"type":"Polygon","properties":{"city":"Hutchinson","state":" KS","time":1418828161},"arcs":[[110]]},{"type":"Polygon","properties":{"city":"Indianapolis","state":" IN","time":1418825633},"arcs":[[111]]},{"type":"Polygon","properties":{"city":"Indianapolis","state":" IN","time":1418828914},"arcs":[[111]]},{"type":"Polygon","properties":{"city":"Indianapolis","state":" IN","time":1418829119},"arcs":[[111]]},{"type":"Polygon","properties":{"city":"Iowa City","state":" IA","time":1418826416},"arcs":[[112]]},{"type":"Polygon","properties":{"city":"Iowa City","state":" IA","time":1418826513},"arcs":[[112]]},{"type":"Polygon","properties":{"city":"Irving","state":" TX","time":1418691485},"arcs":[[113]]},{"type":"Polygon","properties":{"city":"Irving","state":" TX","time":1418710636},"arcs":[[113]]},{"type":"Polygon","properties":{"city":"Irving","state":" TX","time":1418746235},"arcs":[[113]]},{"type":"Polygon","properties":{"city":"Jersey City","state":" NJ","time":1418761730},"arcs":[[114]]},{"type":"Polygon","properties":{"city":"Jersey City","state":" NJ","time":1418827070},"arcs":[[114]]},{"type":"Polygon","properties":{"city":"Kansas City","state":" MO","time":1418825231},"arcs":[[115]]},{"type":"Polygon","properties":{"city":"Karnes City","state":" TX","time":1418726166},"arcs":[[116]]},{"type":"Polygon","properties":{"city":"Katy","state":" TX","time":1418706863},"arcs":[[117]]},{"type":"Polygon","properties":{"city":"Katy","state":" TX","time":1418784489},"arcs":[[117]]},{"type":"Polygon","properties":{"city":"Kendall","state":" FL","time":1418824915},"arcs":[[118]]},{"type":"Polygon","properties":{"city":"Kendall","state":" FL","time":1418827265},"arcs":[[118]]},{"type":"Polygon","properties":{"city":"Key Biscayne","state":" FL","time":1418824400},"arcs":[[119]]},{"type":"Polygon","properties":{"city":"Key Biscayne","state":" FL","time":1418824718},"arcs":[[119]]},{"type":"Polygon","properties":{"city":"Key Biscayne","state":" FL","time":1418824797},"arcs":[[119]]},{"type":"Polygon","properties":{"city":"Key Biscayne","state":" FL","time":1418825220},"arcs":[[119]]},{"type":"Polygon","properties":{"city":"Key West","state":" FL","time":1418746538},"arcs":[[120]]},{"type":"Polygon","properties":{"city":"Key West","state":" FL","time":1418773339},"arcs":[[120]]},{"type":"Polygon","properties":{"city":"Kilgore","state":" TX","time":1418825535},"arcs":[[121]]},{"type":"Polygon","properties":{"city":"Knoxville","state":" TN","time":1418823970},"arcs":[[122]]},{"type":"Polygon","properties":{"city":"La Vista","state":" NE","time":1418827622},"arcs":[[123]]},{"type":"Polygon","properties":{"city":"Lake Hiawatha","state":" NJ","time":1418705461},"arcs":[[124]]},{"type":"Polygon","properties":{"city":"Lakeland","state":" FL","time":1418768447},"arcs":[[125]]},{"type":"Polygon","properties":{"city":"Lakewood","state":" CO","time":1418741491},"arcs":[[126]]},{"type":"Polygon","properties":{"city":"Lakewood","state":" OH","time":1418827558},"arcs":[[127]]},{"type":"Polygon","properties":{"city":"Las Vegas","state":" NV","time":1418733242},"arcs":[[128]]},{"type":"Polygon","properties":{"city":"Las Vegas","state":" NV","time":1418825071},"arcs":[[128]]},{"type":"Polygon","properties":{"city":"Las Vegas","state":" NV","time":1418828914},"arcs":[[128]]},{"type":"Polygon","properties":{"city":"Laurel","state":" VA","time":1418754712},"arcs":[[129]]},{"type":"Polygon","properties":{"city":"Lincoln","state":" NE","time":1418787059},"arcs":[[130]]},{"type":"Polygon","properties":{"city":"Lincolnwood","state":" IL","time":1418773742},"arcs":[[131]]},{"type":"Polygon","properties":{"city":"Lincolnwood","state":" IL","time":1418773924},"arcs":[[131]]},{"type":"Polygon","properties":{"city":"Long Beach","state":" CA","time":1418699038},"arcs":[[132]]},{"type":"Polygon","properties":{"city":"Long Beach","state":" CA","time":1418699151},"arcs":[[132]]},{"type":"Polygon","properties":{"city":"Long Beach","state":" CA","time":1418767487},"arcs":[[132]]},{"type":"Polygon","properties":{"city":"Long Beach","state":" CA","time":1418829112},"arcs":[[132]]},{"type":"Polygon","properties":{"city":"Lorain","state":" OH","time":1418829229},"arcs":[[133]]},{"type":"Polygon","properties":{"city":"Los Angeles","state":" CA","time":1418704095},"arcs":[[134]]},{"type":"Polygon","properties":{"city":"Los Angeles","state":" CA","time":1418708232},"arcs":[[134]]},{"type":"Polygon","properties":{"city":"Los Angeles","state":" CA","time":1418711240},"arcs":[[134]]},{"type":"Polygon","properties":{"city":"Los Angeles","state":" CA","time":1418713121},"arcs":[[134]]},{"type":"Polygon","properties":{"city":"Los Angeles","state":" CA","time":1418744150},"arcs":[[134]]},{"type":"Polygon","properties":{"city":"Los Angeles","state":" CA","time":1418744908},"arcs":[[134]]},{"type":"Polygon","properties":{"city":"Los Angeles","state":" CA","time":1418757625},"arcs":[[134]]},{"type":"Polygon","properties":{"city":"Los Angeles","state":" CA","time":1418760276},"arcs":[[134]]},{"type":"Polygon","properties":{"city":"Los Angeles","state":" CA","time":1418760526},"arcs":[[134]]},{"type":"Polygon","properties":{"city":"Los Angeles","state":" CA","time":1418760557},"arcs":[[134]]},{"type":"Polygon","properties":{"city":"Los Angeles","state":" CA","time":1418760570},"arcs":[[134]]},{"type":"Polygon","properties":{"city":"Los Angeles","state":" CA","time":1418760587},"arcs":[[134]]},{"type":"Polygon","properties":{"city":"Los Angeles","state":" CA","time":1418760604},"arcs":[[134]]},{"type":"Polygon","properties":{"city":"Los Angeles","state":" CA","time":1418760633},"arcs":[[134]]},{"type":"Polygon","properties":{"city":"Los Angeles","state":" CA","time":1418760726},"arcs":[[134]]},{"type":"Polygon","properties":{"city":"Los Angeles","state":" CA","time":1418760748},"arcs":[[134]]},{"type":"Polygon","properties":{"city":"Los Angeles","state":" CA","time":1418760767},"arcs":[[134]]},{"type":"Polygon","properties":{"city":"Los Angeles","state":" CA","time":1418760813},"arcs":[[134]]},{"type":"Polygon","properties":{"city":"Los Angeles","state":" CA","time":1418760949},"arcs":[[134]]},{"type":"Polygon","properties":{"city":"Los Angeles","state":" CA","time":1418760962},"arcs":[[134]]},{"type":"Polygon","properties":{"city":"Los Angeles","state":" CA","time":1418761037},"arcs":[[134]]},{"type":"Polygon","properties":{"city":"Los Angeles","state":" CA","time":1418761058},"arcs":[[134]]},{"type":"Polygon","properties":{"city":"Los Angeles","state":" CA","time":1418761146},"arcs":[[134]]},{"type":"Polygon","properties":{"city":"Los Angeles","state":" CA","time":1418761284},"arcs":[[134]]},{"type":"Polygon","properties":{"city":"Los Angeles","state":" CA","time":1418764495},"arcs":[[134]]},{"type":"Polygon","properties":{"city":"Los Angeles","state":" CA","time":1418764511},"arcs":[[134]]},{"type":"Polygon","properties":{"city":"Los Angeles","state":" CA","time":1418764661},"arcs":[[134]]},{"type":"Polygon","properties":{"city":"Los Angeles","state":" CA","time":1418792961},"arcs":[[134]]},{"type":"Polygon","properties":{"city":"Los Angeles","state":" CA","time":1418825459},"arcs":[[134]]},{"type":"Polygon","properties":{"city":"Los Angeles","state":" CA","time":1418826149},"arcs":[[134]]},{"type":"Polygon","properties":{"city":"Los Angeles","state":" CA","time":1418827583},"arcs":[[134]]},{"type":"Polygon","properties":{"city":"Los Angeles","state":" CA","time":1418828894},"arcs":[[134]]},{"type":"Polygon","properties":{"city":"Manchester","state":" NH","time":1418828447},"arcs":[[135]]},{"type":"Polygon","properties":{"city":"Manhattan","state":" NY","time":1418713315},"arcs":[[136]]},{"type":"Polygon","properties":{"city":"Manhattan","state":" NY","time":1418713786},"arcs":[[136]]},{"type":"Polygon","properties":{"city":"Manhattan","state":" NY","time":1418747011},"arcs":[[136]]},{"type":"Polygon","properties":{"city":"Manhattan","state":" NY","time":1418751131},"arcs":[[136]]},{"type":"Polygon","properties":{"city":"Manhattan","state":" NY","time":1418752318},"arcs":[[136]]},{"type":"Polygon","properties":{"city":"Manhattan","state":" NY","time":1418753020},"arcs":[[136]]},{"type":"Polygon","properties":{"city":"Manhattan","state":" NY","time":1418754485},"arcs":[[136]]},{"type":"Polygon","properties":{"city":"Manhattan","state":" NY","time":1418755328},"arcs":[[136]]},{"type":"Polygon","properties":{"city":"Manhattan","state":" NY","time":1418757841},"arcs":[[136]]},{"type":"Polygon","properties":{"city":"Manhattan","state":" NY","time":1418760899},"arcs":[[136]]},{"type":"Polygon","properties":{"city":"Manhattan","state":" NY","time":1418769534},"arcs":[[136]]},{"type":"Polygon","properties":{"city":"Manhattan","state":" NY","time":1418771139},"arcs":[[136]]},{"type":"Polygon","properties":{"city":"Manhattan","state":" NY","time":1418774069},"arcs":[[136]]},{"type":"Polygon","properties":{"city":"Manhattan","state":" NY","time":1418777193},"arcs":[[136]]},{"type":"Polygon","properties":{"city":"Manhattan","state":" NY","time":1418778648},"arcs":[[136]]},{"type":"Polygon","properties":{"city":"Manhattan","state":" NY","time":1418778910},"arcs":[[136]]},{"type":"Polygon","properties":{"city":"Manhattan","state":" NY","time":1418779441},"arcs":[[136]]},{"type":"Polygon","properties":{"city":"Manhattan","state":" NY","time":1418779812},"arcs":[[136]]},{"type":"Polygon","properties":{"city":"Manhattan","state":" NY","time":1418783897},"arcs":[[136]]},{"type":"Polygon","properties":{"city":"Manhattan","state":" NY","time":1418787159},"arcs":[[136]]},{"type":"Polygon","properties":{"city":"Manhattan","state":" NY","time":1418793390},"arcs":[[136]]},{"type":"Polygon","properties":{"city":"Manhattan","state":" NY","time":1418824268},"arcs":[[136]]},{"type":"Polygon","properties":{"city":"Manhattan","state":" NY","time":1418824371},"arcs":[[136]]},{"type":"Polygon","properties":{"city":"Manhattan","state":" NY","time":1418824389},"arcs":[[136]]},{"type":"Polygon","properties":{"city":"Manhattan","state":" NY","time":1418824402},"arcs":[[136]]},{"type":"Polygon","properties":{"city":"Manhattan","state":" NY","time":1418824690},"arcs":[[136]]},{"type":"Polygon","properties":{"city":"Manhattan","state":" NY","time":1418825002},"arcs":[[136]]},{"type":"Polygon","properties":{"city":"Manhattan","state":" NY","time":1418825084},"arcs":[[136]]},{"type":"Polygon","properties":{"city":"Manhattan","state":" NY","time":1418825161},"arcs":[[136]]},{"type":"Polygon","properties":{"city":"Manhattan","state":" NY","time":1418825182},"arcs":[[136]]},{"type":"Polygon","properties":{"city":"Manhattan","state":" NY","time":1418825258},"arcs":[[136]]},{"type":"Polygon","properties":{"city":"Manhattan","state":" NY","time":1418825317},"arcs":[[136]]},{"type":"Polygon","properties":{"city":"Manhattan","state":" NY","time":1418825368},"arcs":[[136]]},{"type":"Polygon","properties":{"city":"Manhattan","state":" NY","time":1418825400},"arcs":[[136]]},{"type":"Polygon","properties":{"city":"Manhattan","state":" NY","time":1418825405},"arcs":[[136]]},{"type":"Polygon","properties":{"city":"Manhattan","state":" NY","time":1418825476},"arcs":[[136]]},{"type":"Polygon","properties":{"city":"Manhattan","state":" NY","time":1418825540},"arcs":[[136]]},{"type":"Polygon","properties":{"city":"Manhattan","state":" NY","time":1418825544},"arcs":[[136]]},{"type":"Polygon","properties":{"city":"Manhattan","state":" NY","time":1418825550},"arcs":[[136]]},{"type":"Polygon","properties":{"city":"Manhattan","state":" NY","time":1418825913},"arcs":[[136]]},{"type":"Polygon","properties":{"city":"Manhattan","state":" NY","time":1418826344},"arcs":[[136]]},{"type":"Polygon","properties":{"city":"Manhattan","state":" NY","time":1418826609},"arcs":[[136]]},{"type":"Polygon","properties":{"city":"Manhattan","state":" NY","time":1418826761},"arcs":[[136]]},{"type":"Polygon","properties":{"city":"Manhattan","state":" NY","time":1418827100},"arcs":[[136]]},{"type":"Polygon","properties":{"city":"Manhattan","state":" NY","time":1418827508},"arcs":[[136]]},{"type":"Polygon","properties":{"city":"Manhattan","state":" NY","time":1418827548},"arcs":[[136]]},{"type":"Polygon","properties":{"city":"Manhattan","state":" NY","time":1418828252},"arcs":[[136]]},{"type":"Polygon","properties":{"city":"Manhattan","state":" NY","time":1418828418},"arcs":[[136]]},{"type":"Polygon","properties":{"city":"Manhattan","state":" NY","time":1418828557},"arcs":[[136]]},{"type":"Polygon","properties":{"city":"Manhattan","state":" NY","time":1418828918},"arcs":[[136]]},{"type":"Polygon","properties":{"city":"Manhattan","state":" NY","time":1418828943},"arcs":[[136]]},{"type":"Polygon","properties":{"city":"Manhattan Beach","state":" CA","time":1418829039},"arcs":[[137]]},{"type":"Polygon","properties":{"city":"Mansfield","state":" TX","time":1418688707},"arcs":[[138]]},{"type":"Polygon","properties":{"city":"Martinsville","state":" NJ","time":1418774627},"arcs":[[139]]},{"type":"Polygon","properties":{"city":"Miami","state":" FL","time":1418690569},"arcs":[[140]]},{"type":"Polygon","properties":{"city":"Miami","state":" FL","time":1418696539},"arcs":[[140]]},{"type":"Polygon","properties":{"city":"Miami","state":" FL","time":1418708347},"arcs":[[140]]},{"type":"Polygon","properties":{"city":"Miami","state":" FL","time":1418711674},"arcs":[[140]]},{"type":"Polygon","properties":{"city":"Miami","state":" FL","time":1418747709},"arcs":[[140]]},{"type":"Polygon","properties":{"city":"Miami","state":" FL","time":1418751682},"arcs":[[140]]},{"type":"Polygon","properties":{"city":"Miami","state":" FL","time":1418753255},"arcs":[[140]]},{"type":"Polygon","properties":{"city":"Miami","state":" FL","time":1418759866},"arcs":[[140]]},{"type":"Polygon","properties":{"city":"Miami","state":" FL","time":1418760209},"arcs":[[140]]},{"type":"Polygon","properties":{"city":"Miami","state":" FL","time":1418766087},"arcs":[[140]]},{"type":"Polygon","properties":{"city":"Miami","state":" FL","time":1418766796},"arcs":[[140]]},{"type":"Polygon","properties":{"city":"Miami","state":" FL","time":1418777083},"arcs":[[140]]},{"type":"Polygon","properties":{"city":"Miami","state":" FL","time":1418778649},"arcs":[[140]]},{"type":"Polygon","properties":{"city":"Miami","state":" FL","time":1418780050},"arcs":[[140]]},{"type":"Polygon","properties":{"city":"Miami","state":" FL","time":1418780744},"arcs":[[140]]},{"type":"Polygon","properties":{"city":"Miami","state":" FL","time":1418790880},"arcs":[[140]]},{"type":"Polygon","properties":{"city":"Miami","state":" FL","time":1418792024},"arcs":[[140]]},{"type":"Polygon","properties":{"city":"Miami","state":" FL","time":1418792538},"arcs":[[140]]},{"type":"Polygon","properties":{"city":"Miami","state":" FL","time":1418809171},"arcs":[[140]]},{"type":"Polygon","properties":{"city":"Miami","state":" FL","time":1418824329},"arcs":[[140]]},{"type":"Polygon","properties":{"city":"Miami","state":" FL","time":1418824748},"arcs":[[140]]},{"type":"Polygon","properties":{"city":"Miami","state":" FL","time":1418825431},"arcs":[[140]]},{"type":"Polygon","properties":{"city":"Miami","state":" FL","time":1418826158},"arcs":[[140]]},{"type":"Polygon","properties":{"city":"Miami","state":" FL","time":1418827136},"arcs":[[140]]},{"type":"Polygon","properties":{"city":"Miami","state":" FL","time":1418827642},"arcs":[[140]]},{"type":"Polygon","properties":{"city":"Miami","state":" FL","time":1418828202},"arcs":[[140]]},{"type":"Polygon","properties":{"city":"Miami","state":" FL","time":1418828350},"arcs":[[140]]},{"type":"Polygon","properties":{"city":"Miami","state":" FL","time":1418828476},"arcs":[[140]]},{"type":"Polygon","properties":{"city":"Miami","state":" FL","time":1418828529},"arcs":[[140]]},{"type":"Polygon","properties":{"city":"Miami","state":" FL","time":1418828946},"arcs":[[140]]},{"type":"Polygon","properties":{"city":"Miami","state":" FL","time":1418829217},"arcs":[[140]]},{"type":"Polygon","properties":{"city":"Miami","state":" FL","time":1418829218},"arcs":[[140]]},{"type":"Polygon","properties":{"city":"Miami Beach","state":" FL","time":1418699001},"arcs":[[141]]},{"type":"Polygon","properties":{"city":"Miami Beach","state":" FL","time":1418746173},"arcs":[[141]]},{"type":"Polygon","properties":{"city":"Miami Beach","state":" FL","time":1418747515},"arcs":[[141]]},{"type":"Polygon","properties":{"city":"Miami Beach","state":" FL","time":1418753795},"arcs":[[141]]},{"type":"Polygon","properties":{"city":"Miami Beach","state":" FL","time":1418755089},"arcs":[[141]]},{"type":"Polygon","properties":{"city":"Miami Beach","state":" FL","time":1418777426},"arcs":[[141]]},{"type":"Polygon","properties":{"city":"Miami Beach","state":" FL","time":1418779041},"arcs":[[141]]},{"type":"Polygon","properties":{"city":"Miami Beach","state":" FL","time":1418825191},"arcs":[[141]]},{"type":"Polygon","properties":{"city":"Michigan","state":" US","time":1418827476},"arcs":[[142]]},{"type":"Polygon","properties":{"city":"Middle River","state":" MD","time":1418827680},"arcs":[[143]]},{"type":"Polygon","properties":{"city":"Milwaukee","state":" WI","time":1418826790},"arcs":[[144]]},{"type":"Polygon","properties":{"city":"Milwaukee","state":" WI","time":1418827216},"arcs":[[144]]},{"type":"Polygon","properties":{"city":"Milwaukee","state":" WI","time":1418829092},"arcs":[[144]]},{"type":"Polygon","properties":{"city":"Minneapolis","state":" MN","time":1418697173},"arcs":[[145]]},{"type":"Polygon","properties":{"city":"Minneapolis","state":" MN","time":1418828286},"arcs":[[145]]},{"type":"Polygon","properties":{"city":"Mokena","state":" IL","time":1418784645},"arcs":[[146]]},{"type":"Polygon","properties":{"city":"Montclair","state":" NJ","time":1418778989},"arcs":[[147]]},{"type":"Polygon","properties":{"city":"Montclair","state":" CA","time":1418793651},"arcs":[[148]]},{"type":"Polygon","properties":{"city":"Montgomery","state":" AL","time":1418828542},"arcs":[[149]]},{"type":"Polygon","properties":{"city":"Montgomery","state":" AL","time":1418828724},"arcs":[[149]]},{"type":"Polygon","properties":{"city":"Morrisville","state":" NC","time":1418774951},"arcs":[[150]]},{"type":"Polygon","properties":{"city":"Mount Pleasant","state":" MI","time":1418692498},"arcs":[[151]]},{"type":"Polygon","properties":{"city":"Nashville","state":" TN","time":1418828836},"arcs":[[152]]},{"type":"Polygon","properties":{"city":"Nebraska","state":" US","time":1418692737},"arcs":[[153]]},{"type":"Polygon","properties":{"city":"New Haven","state":" CT","time":1418713789},"arcs":[[154]]},{"type":"Polygon","properties":{"city":"New Lenox","state":" IL","time":1418693769},"arcs":[[155]]},{"type":"Polygon","properties":{"city":"New Lenox","state":" IL","time":1418694571},"arcs":[[155]]},{"type":"Polygon","properties":{"city":"New Orleans","state":" LA","time":1418770341},"arcs":[[156]]},{"type":"Polygon","properties":{"city":"New Orleans","state":" LA","time":1418816085},"arcs":[[156]]},{"type":"Polygon","properties":{"city":"New Orleans","state":" LA","time":1418825582},"arcs":[[156]]},{"type":"Polygon","properties":{"city":"New Orleans","state":" LA","time":1418827312},"arcs":[[156]]},{"type":"Polygon","properties":{"city":"New Orleans","state":" LA","time":1418828754},"arcs":[[156]]},{"type":"Polygon","properties":{"city":"New York","state":" US","time":1418689198},"arcs":[[157]]},{"type":"Polygon","properties":{"city":"New York","state":" NY","time":1418759922},"arcs":[[158]]},{"type":"Polygon","properties":{"city":"New York","state":" NY","time":1418760486},"arcs":[[158]]},{"type":"Polygon","properties":{"city":"New York","state":" NY","time":1418760497},"arcs":[[158]]},{"type":"Polygon","properties":{"city":"New York","state":" NY","time":1418760506},"arcs":[[158]]},{"type":"Polygon","properties":{"city":"New York","state":" NY","time":1418760535},"arcs":[[158]]},{"type":"Polygon","properties":{"city":"New York","state":" NY","time":1418760541},"arcs":[[158]]},{"type":"Polygon","properties":{"city":"New York","state":" NY","time":1418760554},"arcs":[[158]]},{"type":"Polygon","properties":{"city":"New York","state":" NY","time":1418760569},"arcs":[[158]]},{"type":"Polygon","properties":{"city":"New York","state":" NY","time":1418760589},"arcs":[[158]]},{"type":"Polygon","properties":{"city":"New York","state":" NY","time":1418760647},"arcs":[[158]]},{"type":"Polygon","properties":{"city":"New York","state":" US","time":1418775858},"arcs":[[157]]},{"type":"Polygon","properties":{"city":"New York","state":" NY","time":1418800625},"arcs":[[158]]},{"type":"Polygon","properties":{"city":"New York","state":" NY","time":1418800640},"arcs":[[158]]},{"type":"Polygon","properties":{"city":"Newark","state":" OH","time":1418828069},"arcs":[[159]]},{"type":"Polygon","properties":{"city":"Norfolk","state":" VA","time":1418738285},"arcs":[[160]]},{"type":"Polygon","properties":{"city":"Norfolk","state":" VA","time":1418826064},"arcs":[[160]]},{"type":"Polygon","properties":{"city":"Norfolk","state":" VA","time":1418826092},"arcs":[[160]]},{"type":"Polygon","properties":{"city":"Norfolk","state":" VA","time":1418826353},"arcs":[[160]]},{"type":"Polygon","properties":{"city":"Norfolk","state":" VA","time":1418826485},"arcs":[[160]]},{"type":"Polygon","properties":{"city":"North Bergen","state":" NJ","time":1418800698},"arcs":[[161]]},{"type":"Polygon","properties":{"city":"North Highlands","state":" CA","time":1418758838},"arcs":[[162]]},{"type":"Polygon","properties":{"city":"North Ridgeville","state":" OH","time":1418827433},"arcs":[[163]]},{"type":"Polygon","properties":{"city":"Oak Brook","state":" IL","time":1418814392},"arcs":[[164]]},{"type":"Polygon","properties":{"city":"Oak Ridge","state":" FL","time":1418688997},"arcs":[[165]]},{"type":"Polygon","properties":{"city":"Oak Ridge","state":" FL","time":1418825534},"arcs":[[165]]},{"type":"Polygon","properties":{"city":"Oakland","state":" CA","time":1418693954},"arcs":[[166]]},{"type":"Polygon","properties":{"city":"Oakland","state":" CA","time":1418694015},"arcs":[[166]]},{"type":"Polygon","properties":{"city":"Oceanside","state":" CA","time":1418773659},"arcs":[[167]]},{"type":"Polygon","properties":{"city":"Ohio","state":" US","time":1418802086},"arcs":[[168]]},{"type":"Polygon","properties":{"city":"Ohio","state":" US","time":1418828793},"arcs":[[168]]},{"type":"Polygon","properties":{"city":"Omaha","state":" NE","time":1418824403},"arcs":[[169]]},{"type":"Polygon","properties":{"city":"Omaha","state":" NE","time":1418828770},"arcs":[[169]]},{"type":"Polygon","properties":{"city":"Orlando","state":" FL","time":1418827916},"arcs":[[170]]},{"type":"Polygon","properties":{"city":"Palm Coast","state":" FL","time":1418828608},"arcs":[[171]]},{"type":"Polygon","properties":{"city":"Palmdale","state":" CA","time":1418708512},"arcs":[[172]]},{"type":"Polygon","properties":{"city":"Palmdale","state":" CA","time":1418767689},"arcs":[[172]]},{"type":"Polygon","properties":{"city":"Palo Alto","state":" CA","time":1418829144},"arcs":[[173]]},{"type":"Polygon","properties":{"city":"Paradise","state":" NV","time":1418824257},"arcs":[[174]]},{"type":"Polygon","properties":{"city":"Parma","state":" OH","time":1418715099},"arcs":[[175]]},{"type":"Polygon","properties":{"city":"Parsippany","state":" NJ","time":1418793381},"arcs":[[176]]},{"type":"Polygon","properties":{"city":"Pasadena","state":" CA","time":1418794687},"arcs":[[177]]},{"type":"Polygon","properties":{"city":"Pearland","state":" TX","time":1418689546},"arcs":[[178]]},{"type":"Polygon","properties":{"city":"Pembroke Pines","state":" FL","time":1418759482},"arcs":[[179]]},{"type":"Polygon","properties":{"city":"Pembroke Pines","state":" FL","time":1418820431},"arcs":[[179]]},{"type":"Polygon","properties":{"city":"Perth Amboy","state":" NJ","time":1418701690},"arcs":[[180]]},{"type":"Polygon","properties":{"city":"Philadelphia","state":" PA","time":1418788491},"arcs":[[181]]},{"type":"Polygon","properties":{"city":"Philadelphia","state":" PA","time":1418825624},"arcs":[[181]]},{"type":"Polygon","properties":{"city":"Philadelphia","state":" PA","time":1418827809},"arcs":[[181]]},{"type":"Polygon","properties":{"city":"Philadelphia","state":" PA","time":1418828176},"arcs":[[181]]},{"type":"Polygon","properties":{"city":"Philadelphia","state":" PA","time":1418828279},"arcs":[[181]]},{"type":"Polygon","properties":{"city":"Philadelphia","state":" PA","time":1418828488},"arcs":[[181]]},{"type":"Polygon","properties":{"city":"Phoenix","state":" AZ","time":1418779822},"arcs":[[182]]},{"type":"Polygon","properties":{"city":"Phoenix","state":" AZ","time":1418795330},"arcs":[[182]]},{"type":"Polygon","properties":{"city":"Phoenix","state":" AZ","time":1418827828},"arcs":[[182]]},{"type":"Polygon","properties":{"city":"Pickerington","state":" OH","time":1418755831},"arcs":[[183]]},{"type":"Polygon","properties":{"city":"Pickerington","state":" OH","time":1418766844},"arcs":[[183]]},{"type":"Polygon","properties":{"city":"Pinecrest","state":" FL","time":1418825257},"arcs":[[184]]},{"type":"Polygon","properties":{"city":"Pittsburgh","state":" PA","time":1418747946},"arcs":[[185]]},{"type":"Polygon","properties":{"city":"Pittsburgh","state":" PA","time":1418759159},"arcs":[[185]]},{"type":"Polygon","properties":{"city":"Pittsburgh","state":" PA","time":1418759302},"arcs":[[185]]},{"type":"Polygon","properties":{"city":"Pittsburgh","state":" PA","time":1418786368},"arcs":[[185]]},{"type":"Polygon","properties":{"city":"Plumsteadville","state":" PA","time":1418827847},"arcs":[[186]]},{"type":"Polygon","properties":{"city":"Plymouth","state":" MN","time":1418827299},"arcs":[[187]]},{"type":"Polygon","properties":{"city":"Pomona","state":" CA","time":1418698323},"arcs":[[188]]},{"type":"Polygon","properties":{"city":"Pompano Beach","state":" FL","time":1418694783},"arcs":[[189]]},{"type":"Polygon","properties":{"city":"Pooler","state":" GA","time":1418827941},"arcs":[[190]]},{"type":"Polygon","properties":{"city":"Porter","state":" TX","time":1418742083},"arcs":[[191]]},{"type":"Polygon","properties":{"city":"Portland","state":" OR","time":1418828916},"arcs":[[192]]},{"type":"Polygon","properties":{"city":"Portland","state":" OR","time":1418828998},"arcs":[[192]]},{"type":"Polygon","properties":{"city":"Portsmouth","state":" VA","time":1418796579},"arcs":[[193]]},{"type":"Polygon","properties":{"city":"Prospect","state":" KY","time":1418828083},"arcs":[[194]]},{"type":"Polygon","properties":{"city":"Provo","state":" UT","time":1418705847},"arcs":[[195]]},{"type":"Polygon","properties":{"city":"Racine","state":" WI","time":1418828965},"arcs":[[196]]},{"type":"Polygon","properties":{"city":"Rahway","state":" NJ","time":1418771295},"arcs":[[197]]},{"type":"Polygon","properties":{"city":"Raleigh","state":" NC","time":1418825767},"arcs":[[198]]},{"type":"Polygon","properties":{"city":"Raleigh","state":" NC","time":1418827865},"arcs":[[198]]},{"type":"Polygon","properties":{"city":"Raleigh","state":" NC","time":1418828592},"arcs":[[198]]},{"type":"Polygon","properties":{"city":"Richmond","state":" VA","time":1418704788},"arcs":[[199]]},{"type":"Polygon","properties":{"city":"Richmond","state":" VA","time":1418737931},"arcs":[[199]]},{"type":"Polygon","properties":{"city":"Richmond","state":" VA","time":1418764593},"arcs":[[199]]},{"type":"Polygon","properties":{"city":"Richmond","state":" VA","time":1418771521},"arcs":[[199]]},{"type":"Polygon","properties":{"city":"Richmond","state":" VA","time":1418779441},"arcs":[[199]]},{"type":"Polygon","properties":{"city":"Richmond","state":" VA","time":1418790858},"arcs":[[199]]},{"type":"Polygon","properties":{"city":"Richmond","state":" VA","time":1418791605},"arcs":[[199]]},{"type":"Polygon","properties":{"city":"Richmond","state":" VA","time":1418791635},"arcs":[[199]]},{"type":"Polygon","properties":{"city":"Richmond","state":" VA","time":1418820695},"arcs":[[199]]},{"type":"Polygon","properties":{"city":"Richmond","state":" VA","time":1418827037},"arcs":[[199]]},{"type":"Polygon","properties":{"city":"Riverview","state":" FL","time":1418692559},"arcs":[[200]]},{"type":"Polygon","properties":{"city":"Riverview","state":" FL","time":1418828175},"arcs":[[200]]},{"type":"Polygon","properties":{"city":"Rock Hill","state":" SC","time":1418736656},"arcs":[[201]]},{"type":"Polygon","properties":{"city":"Rock Hill","state":" SC","time":1418820767},"arcs":[[201]]},{"type":"Polygon","properties":{"city":"Sacramento","state":" CA","time":1418691351},"arcs":[[202]]},{"type":"Polygon","properties":{"city":"Sacramento","state":" CA","time":1418786361},"arcs":[[202]]},{"type":"Polygon","properties":{"city":"Sacramento","state":" CA","time":1418786780},"arcs":[[202]]},{"type":"Polygon","properties":{"city":"Sacramento","state":" CA","time":1418800097},"arcs":[[202]]},{"type":"Polygon","properties":{"city":"Sacramento","state":" CA","time":1418826087},"arcs":[[202]]},{"type":"Polygon","properties":{"city":"Salamanca","state":" NY","time":1418793947},"arcs":[[203]]},{"type":"Polygon","properties":{"city":"San Antonio","state":" TX","time":1418829092},"arcs":[[204]]},{"type":"Polygon","properties":{"city":"San Diego","state":" CA","time":1418709166},"arcs":[[205]]},{"type":"Polygon","properties":{"city":"San Diego","state":" CA","time":1418750311},"arcs":[[205]]},{"type":"Polygon","properties":{"city":"San Diego","state":" CA","time":1418758229},"arcs":[[205]]},{"type":"Polygon","properties":{"city":"San Diego","state":" CA","time":1418792475},"arcs":[[205]]},{"type":"Polygon","properties":{"city":"San Diego","state":" CA","time":1418828675},"arcs":[[205]]},{"type":"Polygon","properties":{"city":"San Diego","state":" CA","time":1418828914},"arcs":[[205]]},{"type":"Polygon","properties":{"city":"San Francisco","state":" CA","time":1418746294},"arcs":[[206]]},{"type":"Polygon","properties":{"city":"San Francisco","state":" CA","time":1418762401},"arcs":[[206]]},{"type":"Polygon","properties":{"city":"San Francisco","state":" CA","time":1418827578},"arcs":[[206]]},{"type":"Polygon","properties":{"city":"San Francisco","state":" CA","time":1418827807},"arcs":[[206]]},{"type":"Polygon","properties":{"city":"San Francisco","state":" CA","time":1418827811},"arcs":[[206]]},{"type":"Polygon","properties":{"city":"San Francisco","state":" CA","time":1418828085},"arcs":[[206]]},{"type":"Polygon","properties":{"city":"San Francisco","state":" CA","time":1418829053},"arcs":[[206]]},{"type":"Polygon","properties":{"city":"San Jose","state":" CA","time":1418741900},"arcs":[[207]]},{"type":"Polygon","properties":{"city":"San Jose","state":" CA","time":1418770699},"arcs":[[207]]},{"type":"Polygon","properties":{"city":"San Jose","state":" CA","time":1418771325},"arcs":[[207]]},{"type":"Polygon","properties":{"city":"San Jose","state":" CA","time":1418793223},"arcs":[[207]]},{"type":"Polygon","properties":{"city":"San Juan","state":" Puerto Rico","time":1418690380},"arcs":[[208]]},{"type":"Polygon","properties":{"city":"San Mateo","state":" CA","time":1418828419},"arcs":[[209]]},{"type":"Polygon","properties":{"city":"San Ramon","state":" CA","time":1418813079},"arcs":[[210]]},{"type":"Polygon","properties":{"city":"Scottsdale","state":" AZ","time":1418743722},"arcs":[[211]]},{"type":"Polygon","properties":{"city":"Seattle","state":" WA","time":1418754678},"arcs":[[212]]},{"type":"Polygon","properties":{"city":"Seattle","state":" WA","time":1418754987},"arcs":[[212]]},{"type":"Polygon","properties":{"city":"Seattle","state":" WA","time":1418756453},"arcs":[[212]]},{"type":"Polygon","properties":{"city":"Seattle","state":" WA","time":1418757492},"arcs":[[212]]},{"type":"Polygon","properties":{"city":"Seattle","state":" WA","time":1418766710},"arcs":[[212]]},{"type":"Polygon","properties":{"city":"Seattle","state":" WA","time":1418776230},"arcs":[[212]]},{"type":"Polygon","properties":{"city":"Seattle","state":" WA","time":1418802783},"arcs":[[212]]},{"type":"Polygon","properties":{"city":"Seattle","state":" WA","time":1418826042},"arcs":[[212]]},{"type":"Polygon","properties":{"city":"Seattle","state":" WA","time":1418827956},"arcs":[[212]]},{"type":"Polygon","properties":{"city":"Somerville","state":" MA","time":1418828177},"arcs":[[213]]},{"type":"Polygon","properties":{"city":"Southfield","state":" MI","time":1418824203},"arcs":[[214]]},{"type":"Polygon","properties":{"city":"Southfield","state":" MI","time":1418824354},"arcs":[[214]]},{"type":"Polygon","properties":{"city":"Southfield","state":" MI","time":1418826062},"arcs":[[214]]},{"type":"Polygon","properties":{"city":"Southfield","state":" MI","time":1418826120},"arcs":[[214]]},{"type":"Polygon","properties":{"city":"Southfield","state":" MI","time":1418828223},"arcs":[[214]]},{"type":"Polygon","properties":{"city":"Southfield","state":" MI","time":1418828511},"arcs":[[214]]},{"type":"Polygon","properties":{"city":"Spring Hill","state":" FL","time":1418701026},"arcs":[[215]]},{"type":"Polygon","properties":{"city":"Spring Hill","state":" TN","time":1418747773},"arcs":[[216]]},{"type":"Polygon","properties":{"city":"Staten Island","state":" NY","time":1418754088},"arcs":[[217]]},{"type":"Polygon","properties":{"city":"Stephenville","state":" TX","time":1418750933},"arcs":[[218]]},{"type":"Polygon","properties":{"city":"Sugar Grove","state":" IL","time":1418810692},"arcs":[[219]]},{"type":"Polygon","properties":{"city":"Sugar Grove","state":" IL","time":1418810774},"arcs":[[219]]},{"type":"Polygon","properties":{"city":"Sugar Grove","state":" IL","time":1418810899},"arcs":[[219]]},{"type":"Polygon","properties":{"city":"Sugar Land","state":" TX","time":1418827287},"arcs":[[220]]},{"type":"Polygon","properties":{"city":"Tampa","state":" FL","time":1418732498},"arcs":[[221]]},{"type":"Polygon","properties":{"city":"Tampa","state":" FL","time":1418751424},"arcs":[[221]]},{"type":"Polygon","properties":{"city":"Thousand Oaks","state":" CA","time":1418750375},"arcs":[[222]]},{"type":"Polygon","properties":{"city":"Tucson","state":" AZ","time":1418707894},"arcs":[[223]]},{"type":"Polygon","properties":{"city":"Turlock","state":" CA","time":1418795063},"arcs":[[224]]},{"type":"Polygon","properties":{"city":"Union City","state":" NJ","time":1418699423},"arcs":[[225]]},{"type":"Polygon","properties":{"city":"University Park","state":" FL","time":1418826176},"arcs":[[226]]},{"type":"Polygon","properties":{"city":"Valley","state":" AL","time":1418695315},"arcs":[[227]]},{"type":"Polygon","properties":{"city":"Virginia","state":" US","time":1418729093},"arcs":[[228]]},{"type":"Polygon","properties":{"city":"Virginia","state":" US","time":1418764729},"arcs":[[228]]},{"type":"Polygon","properties":{"city":"Waco","state":" TX","time":1418826937},"arcs":[[229]]},{"type":"Polygon","properties":{"city":"Washington","state":" DC","time":1418774129},"arcs":[[230]]},{"type":"Polygon","properties":{"city":"Washington","state":" DC","time":1418779215},"arcs":[[230]]},{"type":"Polygon","properties":{"city":"Washington","state":" DC","time":1418780833},"arcs":[[230]]},{"type":"Polygon","properties":{"city":"Washington","state":" DC","time":1418824474},"arcs":[[230]]},{"type":"Polygon","properties":{"city":"Washington","state":" DC","time":1418824539},"arcs":[[230]]},{"type":"Polygon","properties":{"city":"Washington","state":" DC","time":1418824726},"arcs":[[230]]},{"type":"Polygon","properties":{"city":"Washington","state":" DC","time":1418824962},"arcs":[[230]]},{"type":"Polygon","properties":{"city":"Washington","state":" DC","time":1418825092},"arcs":[[230]]},{"type":"Polygon","properties":{"city":"Washington","state":" DC","time":1418825337},"arcs":[[230]]},{"type":"Polygon","properties":{"city":"Washington","state":" DC","time":1418825447},"arcs":[[230]]},{"type":"Polygon","properties":{"city":"Washington","state":" DC","time":1418825456},"arcs":[[230]]},{"type":"Polygon","properties":{"city":"Washington","state":" DC","time":1418825480},"arcs":[[230]]},{"type":"Polygon","properties":{"city":"Washington","state":" DC","time":1418825775},"arcs":[[230]]},{"type":"Polygon","properties":{"city":"Washington","state":" DC","time":1418825817},"arcs":[[230]]},{"type":"Polygon","properties":{"city":"Washington","state":" DC","time":1418826044},"arcs":[[230]]},{"type":"Polygon","properties":{"city":"Washington","state":" DC","time":1418826188},"arcs":[[230]]},{"type":"Polygon","properties":{"city":"Washington","state":" DC","time":1418826374},"arcs":[[230]]},{"type":"Polygon","properties":{"city":"Washington","state":" DC","time":1418826468},"arcs":[[230]]},{"type":"Polygon","properties":{"city":"Washington","state":" DC","time":1418826613},"arcs":[[230]]},{"type":"Polygon","properties":{"city":"Washington","state":" DC","time":1418826844},"arcs":[[230]]},{"type":"Polygon","properties":{"city":"Washington","state":" DC","time":1418826922},"arcs":[[230]]},{"type":"Polygon","properties":{"city":"Washington","state":" DC","time":1418826998},"arcs":[[230]]},{"type":"Polygon","properties":{"city":"Washington","state":" DC","time":1418827239},"arcs":[[230]]},{"type":"Polygon","properties":{"city":"Washington","state":" DC","time":1418827291},"arcs":[[230]]},{"type":"Polygon","properties":{"city":"Washington","state":" DC","time":1418827349},"arcs":[[230]]},{"type":"Polygon","properties":{"city":"Washington","state":" DC","time":1418827608},"arcs":[[230]]},{"type":"Polygon","properties":{"city":"Washington","state":" DC","time":1418827615},"arcs":[[230]]},{"type":"Polygon","properties":{"city":"Washington","state":" DC","time":1418827633},"arcs":[[230]]},{"type":"Polygon","properties":{"city":"Washington","state":" DC","time":1418827653},"arcs":[[230]]},{"type":"Polygon","properties":{"city":"Washington","state":" DC","time":1418827884},"arcs":[[230]]},{"type":"Polygon","properties":{"city":"Washington","state":" DC","time":1418828212},"arcs":[[230]]},{"type":"Polygon","properties":{"city":"Washington","state":" DC","time":1418828225},"arcs":[[230]]},{"type":"Polygon","properties":{"city":"Washington","state":" DC","time":1418828243},"arcs":[[230]]},{"type":"Polygon","properties":{"city":"Washington","state":" DC","time":1418828543},"arcs":[[230]]},{"type":"Polygon","properties":{"city":"Washington","state":" DC","time":1418828648},"arcs":[[230]]},{"type":"Polygon","properties":{"city":"Washington","state":" DC","time":1418828816},"arcs":[[230]]},{"type":"Polygon","properties":{"city":"Washington","state":" DC","time":1418828860},"arcs":[[230]]},{"type":"Polygon","properties":{"city":"Washington","state":" DC","time":1418828935},"arcs":[[230]]},{"type":"Polygon","properties":{"city":"Washington","state":" DC","time":1418829058},"arcs":[[230]]},{"type":"Polygon","properties":{"city":"Washington","state":" DC","time":1418829089},"arcs":[[230]]},{"type":"Polygon","properties":{"city":"Washington","state":" DC","time":1418829137},"arcs":[[230]]},{"type":"Polygon","properties":{"city":"West New York","state":" NJ","time":1418777657},"arcs":[[231]]},{"type":"Polygon","properties":{"city":"West New York","state":" NJ","time":1418778232},"arcs":[[231]]},{"type":"Polygon","properties":{"city":"West New York","state":" NJ","time":1418781270},"arcs":[[231]]},{"type":"Polygon","properties":{"city":"West Palm Beach","state":" FL","time":1418825370},"arcs":[[232]]},{"type":"Polygon","properties":{"city":"Westchester","state":" FL","time":1418742276},"arcs":[[233]]},{"type":"Polygon","properties":{"city":"Westchester","state":" FL","time":1418760704},"arcs":[[233]]},{"type":"Polygon","properties":{"city":"Westchester","state":" FL","time":1418761824},"arcs":[[233]]},{"type":"Polygon","properties":{"city":"Weston","state":" FL","time":1418828591},"arcs":[[234]]},{"type":"Polygon","properties":{"city":"Wichita","state":" KS","time":1418827707},"arcs":[[235]]},{"type":"Polygon","properties":{"city":"Wilson","state":" NC","time":1418828326},"arcs":[[236]]},{"type":"Polygon","properties":{"city":"Winter Garden","state":" FL","time":1418828838},"arcs":[[237]]},{"type":"Polygon","properties":{"city":"Worcester","state":" MA","time":1418743729},"arcs":[[238]]},{"type":"Polygon","properties":{"city":"Wyoming","state":" US","time":1418827241},"arcs":[[239]]},{"type":"Polygon","properties":{"city":"Zephyrhills","state":" FL","time":1418740100},"arcs":[[240]]}]}},"arcs":[[[8299,7563],[0,57],[24,0],[0,-57],[-24,0]],[[5563,5571],[0,67],[34,0],[0,-67],[-34,0]],[[8786,6828],[0,19],[12,0],[0,-19],[-12,0]],[[6984,7893],[0,31],[17,0],[0,-31],[-17,0]],[[8603,8214],[0,40],[15,0],[0,-40],[-15,0]],[[4342,5162],[0,36],[36,0],[0,-36],[-36,0]],[[6021,4665],[0,19],[8,0],[0,-19],[-8,0]],[[8851,6879],[0,19],[9,0],[0,-19],[-9,0]],[[8783,6841],[0,35],[16,0],[0,-35],[-16,0]],[[6602,4761],[0,77],[21,0],[0,-77],[-21,0]],[[7978,5115],[0,80],[31,0],[0,-80],[-31,0]],[[9077,7012],[0,15],[7,0],[0,-15],[-7,0]],[[7870,4743],[0,43],[17,0],[0,-43],[-17,0]],[[8844,8197],[0,33],[10,0],[0,-33],[-10,0]],[[8833,6964],[0,58],[20,0],[0,-58],[-20,0]],[[3815,9039],[0,39],[13,0],[0,-39],[-13,0]],[[6792,3796],[0,12],[4,0],[0,-12],[-4,0]],[[9126,7534],[0,10],[4,0],[0,-10],[-4,0]],[[8785,6878],[0,28],[9,0],[0,-28],[-9,0]],[[9105,7487],[0,27],[6,0],[0,-27],[-6,0]],[[7019,8826],[0,26],[21,0],[0,-26],[-21,0]],[[8445,2665],[0,44],[24,0],[0,-44],[-24,0]],[[8287,5960],[0,21],[17,0],[0,-21],[-17,0]],[[9434,7974],[0,57],[22,0],[0,-57],[-22,0]],[[5725,7216],[0,47],[13,0],[0,-47],[-13,0]],[[8184,3042],[0,32],[24,0],[0,-32],[-24,0]],[[4352,5201],[0,14],[14,0],[0,-14],[-14,0]],[[9135,7493],[0,43],[19,0],[0,-43],[-19,0]],[[9435,7996],[0,19],[8,0],[0,-19],[-8,0]],[[9124,7422],[0,56],[20,0],[0,-56],[-20,0]],[[6688,4103],[0,37],[20,0],[0,-37],[-20,0]],[[4928,5018],[0,53],[18,0],[0,-53],[-18,0]],[[3903,9613],[0,9],[7,0],[0,-9],[-7,0]],[[8594,8173],[0,47],[13,0],[0,-47],[-13,0]],[[7026,8803],[0,37],[12,0],[0,-37],[-12,0]],[[7532,8595],[0,7],[6,0],[0,-7],[-6,0]],[[3639,4742],[0,3159],[1126,0],[0,-3159],[-1126,0]],[[9437,8015],[0,17],[10,0],[0,-17],[-10,0]],[[9005,7200],[0,21],[7,0],[0,-21],[-7,0]],[[8251,2744],[0,70],[18,0],[0,-70],[-18,0]],[[3980,6762],[0,33],[6,0],[0,-33],[-6,0]],[[7586,7860],[0,19],[11,0],[0,-19],[-11,0]],[[8591,5780],[0,75],[23,0],[0,-75],[-23,0]],[[7570,7250],[0,35],[11,0],[0,-35],[-11,0]],[[7583,7051],[0,22],[8,0],[0,-22],[-8,0]],[[8362,5566],[0,138],[44,0],[0,-138],[-44,0]],[[8205,6703],[0,18],[7,0],[0,-18],[-7,0]],[[7612,7779],[0,126],[46,0],[0,-126],[-46,0]],[[4367,5206],[0,34],[14,0],[0,-34],[-14,0]],[[7845,6654],[0,40],[6,0],[0,-40],[-6,0]],[[8282,3397],[0,31],[11,0],[0,-31],[-11,0]],[[8021,5919],[0,27],[10,0],[0,-27],[-10,0]],[[4156,6160],[0,31],[20,0],[0,-31],[-20,0]],[[7985,5097],[0,25],[9,0],[0,-25],[-9,0]],[[5767,6812],[0,98],[27,0],[0,-98],[-27,0]],[[8128,7175],[0,109],[46,0],[0,-109],[-46,0]],[[9387,8284],[0,45],[17,0],[0,-45],[-17,0]],[[9233,7511],[0,27],[7,0],[0,-27],[-7,0]],[[6555,3093],[0,105],[50,0],[0,-105],[-50,0]],[[9068,7328],[0,16],[8,0],[0,-16],[-8,0]],[[9093,7443],[0,15],[5,0],[0,-15],[-5,0]],[[6630,4773],[0,132],[47,0],[0,-132],[-47,0]],[[8353,3609],[0,42],[14,0],[0,-42],[-14,0]],[[8934,6715],[0,463],[87,0],[0,-463],[-87,0]],[[8462,2707],[0,24],[8,0],[0,-24],[-8,0]],[[5746,7103],[0,66],[40,0],[0,-66],[-40,0]],[[6985,7730],[0,52],[23,0],[0,-52],[-23,0]],[[8956,6934],[0,34],[15,0],[0,-34],[-15,0]],[[4325,5200],[0,23],[9,0],[0,-23],[-9,0]],[[8490,7350],[0,11],[4,0],[0,-11],[-4,0]],[[7983,5102],[0,32],[13,0],[0,-32],[-13,0]],[[9080,7389],[0,44],[14,0],[0,-44],[-14,0]],[[5580,4440],[0,115],[47,0],[0,-115],[-47,0]],[[6610,4836],[0,24],[14,0],[0,-24],[-14,0]],[[6638,9493],[0,51],[16,0],[0,-51],[-16,0]],[[7335,6719],[0,32],[9,0],[0,-32],[-9,0]],[[7815,7207],[0,25],[28,0],[0,-25],[-28,0]],[[7646,2032],[0,2201],[833,0],[0,-2201],[-833,0]],[[7346,6820],[0,22],[13,0],[0,-22],[-13,0]],[[8267,5663],[0,26],[13,0],[0,-26],[-13,0]],[[8813,6840],[0,18],[8,0],[0,-18],[-8,0]],[[8453,2594],[0,46],[13,0],[0,-46],[-13,0]],[[7896,7551],[0,85],[36,0],[0,-85],[-36,0]],[[6569,4756],[0,140],[55,0],[0,-140],[-55,0]],[[3801,8867],[0,18],[4,0],[0,-18],[-4,0]],[[6819,3720],[0,34],[10,0],[0,-34],[-10,0]],[[8729,6819],[0,20],[10,0],[0,-20],[-10,0]],[[6659,4842],[0,52],[19,0],[0,-52],[-19,0]],[[9086,7692],[0,14],[9,0],[0,-14],[-9,0]],[[5359,6909],[0,39],[19,0],[0,-39],[-19,0]],[[6620,4806],[0,32],[16,0],[0,-32],[-16,0]],[[6613,4859],[0,35],[11,0],[0,-35],[-11,0]],[[8211,5461],[0,325],[559,0],[0,-325],[-559,0]],[[7692,4013],[0,14],[10,0],[0,-14],[-10,0]],[[5545,6742],[0,9],[5,0],[0,-9],[-5,0]],[[9127,7494],[0,4],[2,0],[0,-4],[-2,0]],[[8862,6228],[0,41],[19,0],[0,-41],[-19,0]],[[9129,7623],[0,15],[6,0],[0,-15],[-6,0]],[[4303,5197],[0,13],[7,0],[0,-13],[-7,0]],[[8437,2502],[0,35],[11,0],[0,-35],[-11,0]],[[9029,7437],[0,22],[5,0],[0,-22],[-5,0]],[[8468,5869],[0,56],[17,0],[0,-56],[-17,0]],[[9123,7476],[0,8],[3,0],[0,-8],[-3,0]],[[9451,7937],[0,17],[6,0],[0,-17],[-6,0]],[[8449,2562],[0,36],[15,0],[0,-36],[-15,0]],[[8419,2380],[0,26],[16,0],[0,-26],[-16,0]],[[0,986],[0,43],[33,0],[0,-43],[-33,0]],[[6755,3740],[0,211],[82,0],[0,-211],[-82,0]],[[8313,7634],[0,23],[13,0],[0,-23],[-13,0]],[[8201,6690],[0,21],[19,0],[0,-21],[-19,0]],[[6522,6573],[0,28],[13,0],[0,-28],[-13,0]],[[7786,7109],[0,98],[44,0],[0,-98],[-44,0]],[[7213,7764],[0,32],[16,0],[0,-32],[-16,0]],[[6624,4823],[0,61],[15,0],[0,-61],[-15,0]],[[9116,7454],[0,34],[9,0],[0,-34],[-9,0]],[[6862,6854],[0,155],[50,0],[0,-155],[-50,0]],[[6528,3524],[0,10],[3,0],[0,-10],[-3,0]],[[6750,3812],[0,31],[11,0],[0,-31],[-11,0]],[[8433,2443],[0,29],[10,0],[0,-29],[-10,0]],[[8456,2455],[0,21],[4,0],[0,-21],[-4,0]],[[8279,2082],[0,17],[9,0],[0,-17],[-9,0]],[[6854,4684],[0,24],[12,0],[0,-24],[-12,0]],[[8020,5843],[0,100],[50,0],[0,-100],[-50,0]],[[6723,7619],[0,9],[13,0],[0,-9],[-13,0]],[[9083,7513],[0,19],[8,0],[0,-19],[-8,0]],[[8254,3223],[0,54],[15,0],[0,-54],[-15,0]],[[5736,7101],[0,51],[16,0],[0,-51],[-16,0]],[[8276,7719],[0,11],[8,0],[0,-11],[-8,0]],[[4628,5942],[0,69],[35,0],[0,-69],[-35,0]],[[8740,6434],[0,25],[10,0],[0,-25],[-10,0]],[[6648,7468],[0,62],[24,0],[0,-62],[-24,0]],[[7632,7897],[0,6],[6,0],[0,-6],[-6,0]],[[4317,5143],[0,51],[20,0],[0,-51],[-20,0]],[[8227,7699],[0,27],[21,0],[0,-27],[-21,0]],[[4271,5134],[0,211],[56,0],[0,-211],[-56,0]],[[9399,8195],[0,53],[15,0],[0,-53],[-15,0]],[[9125,7459],[0,65],[13,0],[0,-65],[-13,0]],[[4298,5190],[0,11],[5,0],[0,-11],[-5,0]],[[6607,4743],[0,28],[15,0],[0,-28],[-15,0]],[[9059,7419],[0,27],[14,0],[0,-27],[-14,0]],[[8441,2470],[0,49],[19,0],[0,-49],[-19,0]],[[8460,2487],[0,37],[3,0],[0,-37],[-3,0]],[[7343,7797],[0,2202],[902,0],[0,-2202],[-902,0]],[[8858,7001],[0,26],[16,0],[0,-26],[-16,0]],[[7598,8205],[0,90],[23,0],[0,-90],[-23,0]],[[7027,8861],[0,53],[14,0],[0,-53],[-14,0]],[[7614,7728],[0,22],[13,0],[0,-22],[-13,0]],[[9102,7494],[0,25],[6,0],[0,-25],[-6,0]],[[4374,5248],[0,17],[5,0],[0,-17],[-5,0]],[[7557,4661],[0,3152],[452,0],[0,-3152],[-452,0]],[[8597,5831],[0,25],[11,0],[0,-25],[-11,0]],[[7952,8415],[0,27],[10,0],[0,-27],[-10,0]],[[7712,5897],[0,137],[50,0],[0,-137],[-50,0]],[[5860,7231],[0,1001],[951,0],[0,-1001],[-951,0]],[[9237,7647],[0,34],[15,0],[0,-34],[-15,0]],[[7603,7720],[0,30],[13,0],[0,-30],[-13,0]],[[7373,3863],[0,62],[28,0],[0,-62],[-28,0]],[[8502,7390],[0,1513],[868,0],[0,-1513],[-868,0]],[[9100,7397],[0,139],[61,0],[0,-139],[-61,0]],[[8206,7243],[0,30],[16,0],[0,-30],[-16,0]],[[8874,6172],[0,50],[18,0],[0,-50],[-18,0]],[[9122,7484],[0,22],[7,0],[0,-22],[-7,0]],[[3972,6778],[0,22],[9,0],[0,-22],[-9,0]],[[8251,7680],[0,24],[11,0],[0,-24],[-11,0]],[[7606,7835],[0,17],[11,0],[0,-17],[-11,0]],[[8319,3383],[0,12],[5,0],[0,-12],[-5,0]],[[3872,6465],[0,62],[25,0],[0,-62],[-25,0]],[[4409,4950],[0,49],[17,0],[0,-49],[-17,0]],[[7952,6699],[0,1308],[467,0],[0,-1308],[-467,0]],[[6711,7623],[0,67],[39,0],[0,-67],[-39,0]],[[8312,3362],[0,76],[30,0],[0,-76],[-30,0]],[[8337,3708],[0,67],[13,0],[0,-67],[-13,0]],[[4315,5406],[0,42],[30,0],[0,-42],[-30,0]],[[3888,6353],[0,34],[10,0],[0,-34],[-10,0]],[[4647,5894],[0,50],[17,0],[0,-50],[-17,0]],[[8282,7681],[0,23],[11,0],[0,-23],[-11,0]],[[9076,7507],[0,19],[9,0],[0,-19],[-9,0]],[[4322,5271],[0,40],[15,0],[0,-40],[-15,0]],[[6797,3732],[0,34],[24,0],[0,-34],[-24,0]],[[8428,2564],[0,24],[25,0],[0,-24],[-25,0]],[[9096,7398],[0,15],[5,0],[0,-15],[-5,0]],[[8989,7189],[0,88],[35,0],[0,-88],[-35,0]],[[4961,4996],[0,175],[43,0],[0,-175],[-43,0]],[[8172,7179],[0,32],[12,0],[0,-32],[-12,0]],[[8439,2448],[0,16],[6,0],[0,-16],[-6,0]],[[8465,7352],[0,46],[25,0],[0,-46],[-25,0]],[[9002,7354],[0,12],[4,0],[0,-12],[-4,0]],[[7002,8890],[0,32],[17,0],[0,-32],[-17,0]],[[4362,5238],[0,32],[13,0],[0,-32],[-13,0]],[[8455,2635],[0,31],[12,0],[0,-31],[-12,0]],[[8330,4568],[0,62],[16,0],[0,-62],[-16,0]],[[6809,3921],[0,30],[15,0],[0,-30],[-15,0]],[[3823,9038],[0,76],[35,0],[0,-76],[-35,0]],[[8865,6161],[0,37],[14,0],[0,-37],[-14,0]],[[7861,6667],[0,23],[14,0],[0,-23],[-14,0]],[[5025,7293],[0,42],[15,0],[0,-42],[-15,0]],[[7619,8124],[0,40],[12,0],[0,-40],[-12,0]],[[9095,7429],[0,12],[5,0],[0,-12],[-5,0]],[[8604,5804],[0,85],[35,0],[0,-85],[-35,0]],[[8737,6381],[0,55],[23,0],[0,-55],[-23,0]],[[8218,3152],[0,48],[14,0],[0,-48],[-14,0]],[[8358,5522],[0,31],[15,0],[0,-31],[-15,0]],[[3955,6711],[0,82],[23,0],[0,-82],[-23,0]],[[8610,7947],[0,9],[9,0],[0,-9],[-9,0]],[[6434,3614],[0,183],[52,0],[0,-183],[-52,0]],[[4422,4746],[0,180],[39,0],[0,-180],[-39,0]],[[3853,6468],[0,41],[17,0],[0,-41],[-17,0]],[[3905,6296],[0,92],[35,0],[0,-92],[-35,0]],[[9984,0],[0,58],[15,0],[0,-58],[-15,0]],[[3870,6403],[0,26],[9,0],[0,-26],[-9,0]],[[3909,6472],[0,25],[13,0],[0,-25],[-13,0]],[[5001,5044],[0,136],[22,0],[0,-136],[-22,0]],[[3862,9729],[0,80],[23,0],[0,-80],[-23,0]],[[9440,8022],[0,15],[7,0],[0,-15],[-7,0]],[[8115,8045],[0,25],[13,0],[0,-25],[-13,0]],[[8189,3378],[0,33],[23,0],[0,-33],[-23,0]],[[7716,5787],[0,43],[13,0],[0,-43],[-13,0]],[[9100,7397],[0,51],[23,0],[0,-51],[-23,0]],[[6490,4630],[0,16],[9,0],[0,-16],[-9,0]],[[7553,7814],[0,19],[12,0],[0,-19],[-12,0]],[[6770,3747],[0,40],[12,0],[0,-40],[-12,0]],[[8191,3174],[0,116],[39,0],[0,-116],[-39,0]],[[4229,5275],[0,41],[31,0],[0,-41],[-31,0]],[[5096,4585],[0,88],[37,0],[0,-88],[-37,0]],[[4027,6385],[0,27],[11,0],[0,-27],[-11,0]],[[9123,7482],[0,10],[4,0],[0,-10],[-4,0]],[[8434,2478],[0,9],[4,0],[0,-9],[-4,0]],[[7908,4817],[0,34],[9,0],[0,-34],[-9,0]],[[8076,6079],[0,975],[925,0],[0,-975],[-925,0]],[[6598,4384],[0,62],[22,0],[0,-62],[-22,0]],[[8789,6832],[0,65],[23,0],[0,-65],[-23,0]],[[9126,7491],[0,6],[2,0],[0,-6],[-2,0]],[[8454,2782],[0,51],[17,0],[0,-51],[-17,0]],[[8438,2478],[0,10],[3,0],[0,-10],[-3,0]],[[8428,2587],[0,28],[9,0],[0,-28],[-9,0]],[[6569,6419],[0,81],[42,0],[0,-81],[-42,0]],[[8694,5793],[0,37],[13,0],[0,-37],[-13,0]],[[8299,3399],[0,33],[8,0],[0,-33],[-8,0]],[[9357,7968],[0,44],[18,0],[0,-44],[-18,0]],[[5099,7563],[0,1336],[762,0],[0,-1336],[-762,0]],[[8232,3291],[0,39],[12,0],[0,-39],[-12,0]]],"transform":{"scale":[0.009196802980298029,0.003001282328232823],"translate":[-157.950476,18.29645]}}